Id,Tên,Địa chỉ,Diện tích (m2),Số phòng ngủ,Số nhà vệ sinh,Giá,Pháp lý,URL
1,Căn hộ Boulevard,Quận 7,50,1,1,2350000000,Chưa có,https://batdongsan.com.vn/ban-can-ho-chung-cu-duong-nguyen-luong-bang-1-phuong-phu-my-9-prj-q7-boulevard/ban-1pn-50m2-gia-uu-dai-tai-hcm-pr44075273
2,Căn hộ Empire City,Quận 2,136,3,2,30000000000,Sổ đỏ/ Sổ hồng,https://batdongsan.com.vn/ban-can-ho-chung-cu-duong-mai-chi-tho-phuong-thu-thiem-prj-empire-city-thu-thiem/ban-nhanh-3pn-cove-tran-cao-4m-gia-hap-dan-24ty-bao-het-pr43388603
3,Căn hộ Vinhomes Central Park,Quận Bình Thạnh,150,4,3,17500000000,Sổ đỏ/ Sổ hồng,https://batdongsan.com.vn/ban-can-ho-chung-cu-duong-dien-bien-phu-phuong-22-prj-vinhomes-central-park/tong-p-gio-vip-4-png-ngu-vinmes-gia-chi-tu-16-5-ty-lh-pr42726412
4,Căn hộ Sunwah Pearl,Quận Bình Thạnh,53,1,1,8400000000,Sổ đỏ/ Sổ hồng,https://batdongsan.com.vn/ban-can-ho-chung-cu-duong-nguyen-huu-canh-phuong-22-prj-sunwah-pearl/danh-sach-cac-chinh-chu-gui-ban-2-3-png-ngu-view-song-quan-1-tuyet-dep-gia-tot-nhat-pr37291038
5,Biệt thự Sông Ông Lớn,Quận 7,140,3,4,42000000000,Sổ đỏ/ Sổ hồng,https://batdongsan.com.vn/ban-nha-biet-thu-lien-ke-phuong-tan-phong-9-prj-phu-my-hung/-nam-vien-dang-cap-song-giua-thien-nhien-tien-ich-quoc-te-pr44118859
6,Căn hộ Sunwah Pearl,Quận Bình Thạnh,95,2,2,12800000000,Chưa có,https://batdongsan.com.vn/ban-can-ho-chung-cu-duong-nguyen-huu-canh-phuong-22-prj-sunwah-pearl/ban-cc-12-8-ty-95m2-2pn-binh-thanh-hcm-hang-hot-sap-co-so-hong-pr44028581
7,Căn hộ Saigon Riverside,Quận 7,70,2,2,3900000000,Hợp đồng mua bán,https://batdongsan.com.vn/ban-can-ho-chung-cu-duong-dao-tri-phuong-phu-thuan-3-prj-q7-saigon-riverside/ban-goc-dien-tich-lon-70m2-gia-3-ty-9-complex-nha-full-noi-that-pr44506825
8,Căn hộ Vinhomes Central Park,Quận Bình Thạnh,120,3,2,12000000000,Chưa có,https://batdongsan.com.vn/ban-can-ho-chung-cu-duong-dien-bien-phu-phuong-22-prj-vinhomes-central-park/-cc-view-dep-tai-vinmes-12ty-vnd-120m2-3pn-2wc-pr43917764
9,Căn hộ Vinhomes Central Park,Quận Bình Thạnh,160,4,3,17300000000,Chưa có,https://batdongsan.com.vn/ban-can-ho-chung-cu-duong-dien-bien-phu-phuong-22-prj-vinhomes-central-park/ban-gap-4pn-3wc-160m2-tai-vinmes-binh-thanh-19-ty-vnd-pr43893956
10,Căn hộ Vinhomes Golden River,Quận 1,83,2,2,16000000000,Hợp đồng mua bán,https://batdongsan.com.vn/ban-can-ho-chung-cu-pho-ton-duc-thang-phuong-ben-nghe-prj-vinhomes-golden-river-ba-son/n-2pn-2wc-gia-tot-vinhome-quan-1-tu-9-8-ty-11-1-ty-pr43184877
11,Căn hộ Masteri Thao Dien,Quận 2,73,2,2,7500000000,Sổ đỏ/ Sổ hồng,https://batdongsan.com.vn/ban-can-ho-chung-cu-duong-xa-lo-ha-noi-phuong-thao-dien-prj-masteri-thao-dien/ban-tu-6-7-ty-69-1-m2-2pn-tang-trung-co-so-lh-pr43574202
12,Căn hộ Sunwah Pearl,Quận Bình Thạnh,109,2,2,15000000000,Hợp đồng mua bán,https://batdongsan.com.vn/ban-can-ho-chung-cu-duong-nguyen-huu-canh-phuong-22-prj-sunwah-pearl/hai-yen-ban-2-pn-109m2-view-song-sai-gon-gia-15-ty-all-in-pr42730378
13,Căn hộ Empire City,Quận 2,155,3,2,29000000000,Sổ đỏ,https://batdongsan.com.vn/ban-can-ho-chung-cu-duong-mai-chi-tho-phuong-thu-thiem-prj-empire-city-thu-thiem/cap-nhat-gio-hang-3-phong-ngu-dien-tich-127m2-155m2-380m2-penthouse-gia-tot-pr44021751
14,Căn hộ The Galleria,Quận 2,90,2,2,15500000000,Hợp đồng mua bán,https://batdongsan.com.vn/ban-can-ho-chung-cu-phuong-an-khanh-prj-the-galleria-residence/ban-2pn-thu-thiem-pr43983956
15,Căn hộ Masteri Thao Dien,Quận 2,70,2,2,7500000000,Sổ đỏ/ Sổ hồng,https://batdongsan.com.vn/ban-can-ho-chung-cu-duong-xa-lo-ha-noi-phuong-thao-dien-prj-masteri-thao-dien/ban-2pn-2wc-70m2-tai-7-ty-pr44024075
16,Căn hộ The Opera Residence,Quận 2,80,2,2,20600000000,Hợp đồng mua bán,https://batdongsan.com.vn/ban-can-ho-chung-cu-duong-dai-lo-vong-cung-phuong-thu-thiem-prj-the-opera-residence/ban-2pn-80m2-dien-tich-lon-pr44380261
17,Căn hộ Saigon Riverside,Quận 7,67,2,2,3700000000,Hợp đồng mua bán,https://batdongsan.com.vn/ban-can-ho-chung-cu-duong-dao-tri-phuong-phu-thuan-3-prj-q7-saigon-riverside/ban-gio-ch-da-dang-gio-1-2-3pn-gia-chi-tu-1-85-ty-lh-0931877334-pr34611221
18,Căn hộ The River,Quận 2,64,1,1,10500000000,Sổ đỏ/ Sổ hồng,https://batdongsan.com.vn/ban-can-ho-chung-cu-duong-tran-bach-dang-phuong-thu-thiem-prj-the-river-thu-thiem/re-nhat-ban-1pn-gia-chi-7-6ty-all-in-gia-that-100-duy-nhat-1-pr42162987
19,Căn hộ The Galleria,Quận 2,104,3,2,42000000000,Sổ đỏ/ Sổ hồng,https://batdongsan.com.vn/ban-can-ho-chung-cu-duong-dai-lo-vong-cung-phuong-an-khanh-prj-the-galleria-residence/da-co-so-ban-3pn-lau-cao-view-song-q1-sieu-hiem-pr44094976
20,Căn hộ Eco Green,Quận 7,70,2,2,6200000000,Sổ đỏ,https://batdongsan.com.vn/ban-can-ho-chung-cu-duong-nguyen-van-linh-phuong-tan-thuan-tay-1-prj-eco-green-sai-gon/gio-cac-q7-gia-re-tu-3ty970-co-nt-co-so-tro-vay-nhieu-goc-view-dep-l81-q1-pr43673036
21,Căn hộ Richmond City,Quận Bình Thạnh,67,2,2,5000000000,Hợp đồng mua bán,https://batdongsan.com.vn/ban-can-ho-chung-cu-pho-nguyen-xi-phuong-26-prj-richmond-city/-chuyen-nhuong-100-gia-tot-1pn-2pn-3pn-chi-tu-1-5ty-3-9ty-bao-phi-vay-70-0939720039-pr27445848
22,Căn hộ The River,Quận 2,64,1,1,11500000000,Sổ đỏ/ Sổ hồng,https://batdongsan.com.vn/ban-can-ho-chung-cu-duong-tran-bach-dang-phuong-thu-thiem-prj-the-river-thu-thiem/ban-1pn-gia-9-8-ty-all-in-pr43789262
23,Căn hộ The River,Quận 2,64,1,1,10800000000,Sổ đỏ/ Sổ hồng,https://batdongsan.com.vn/ban-can-ho-chung-cu-duong-tran-bach-dang-phuong-thu-thiem-prj-the-river-thu-thiem/ban-1pn-tang-cao-view-phao-hoa-da-co-so-pr43492384
24,Căn hộ Eco Green,Quận 7,70,2,2,6000000000,Sổ đỏ/ Sổ hồng,https://batdongsan.com.vn/ban-can-ho-chung-cu-duong-nguyen-van-linh-phuong-tan-thuan-tay-1-prj-eco-green-sai-gon/ban-gia-4-2-ty-2pn-2wc-phu-hop-nhieu-nhu-cau-su-dung-lh-pr41054157
25,Căn hộ Vinhomes Central Park,Quận Bình Thạnh,120,3,2,12000000000,Sổ đỏ/ Sổ hồng,https://batdongsan.com.vn/ban-can-ho-chung-cu-duong-dien-bien-phu-phuong-22-prj-vinhomes-central-park/ban-vinmes-126-2m2-3pn-toa-landmark-2-view-song-cong-vien-pr28953623
26,Căn hộ Boulevard,Quận 7,57,2,1,2500000000,Sổ đỏ,https://batdongsan.com.vn/ban-can-ho-chung-cu-duong-nguyen-luong-bang-1-phuong-phu-my-9-prj-q7-boulevard/ban-gia-tot-tai-quan-7-tp-hcm-2-5-ty-57m2-pr44186918
27,Căn hộ The Opera Residence,Quận 2,70,2,2,25500000000,Sổ đỏ/ Sổ hồng,https://batdongsan.com.vn/ban-can-ho-chung-cu-duong-dai-lo-vong-cung-phuong-thu-thiem-prj-the-opera-residence/-ban-2pn-view-song-vinh-vien-re-nhat-thi-truong-gia-sieu-hap-dan-chi-23ty-all-in-pr44226916
28,Căn hộ Empire City,Quận 2,160,3,2,27000000000,Sổ đỏ,https://batdongsan.com.vn/ban-can-ho-chung-cu-duong-mai-chi-tho-phuong-thu-thiem-prj-empire-city-thu-thiem/chinh-chu-gui-ban-ch-3n-2vs-full-noi-that-cao-cap-160m2-gia-27-ty-co-thuong-luong-pr44151445
29,Căn hộ The Opera Residence,Quận 2,60,1,1,14600000000,Chưa có,https://batdongsan.com.vn/ban-can-ho-chung-cu-duong-dai-lo-vong-cung-phuong-thu-thiem-prj-the-opera-residence/-ban-1pn-60m2-gia-14-6-ty-all-in-full-noi-that-dep-view-noi-khu-pr44133288
30,Căn hộ The Galleria,Quận 2,50,1,1,12000000000,Sổ đỏ,https://batdongsan.com.vn/ban-can-ho-chung-cu-duong-dai-lo-vong-cung-phuong-an-khanh-prj-the-galleria-residence/ban-nhanh-1pn-gia-tot-nhat-chi-11-5-ty-all-in-full-noi-that-view-song-pr44122651
31,Căn hộ The Opera Residence,Quận 2,137,3,2,75000000000,Hợp đồng mua bán,https://batdongsan.com.vn/ban-can-ho-chung-cu-duong-dai-lo-vong-cung-phuong-thu-thiem-prj-the-opera-residence/ban-goc-3pn-view-truc-dien-song-68-ty-all-in-pr42743342
32,Biệt thự Phu My Hung,Quận 7,181,4,5,53000000000,Sổ đỏ/ Sổ hồng,https://batdongsan.com.vn/ban-nha-biet-thu-lien-ke-duong-dang-duc-thuat-phuong-tan-phong-9-prj-phu-my-hung/ban-gap-song-lap-khu-canh-doi-quan-7-dt-10-75-19m-gia-69-ty-0902-949186-pr34593484
33,Căn hộ Empire City,Quận 2,94,2,2,20000000000,Sổ đỏ,https://batdongsan.com.vn/ban-can-ho-chung-cu-duong-mai-chi-tho-phuong-thu-thiem-prj-empire-city-thu-thiem/chuyen-nhuong-2-png-ngu-tilia-view-sala-boi-goi-em-ngan-nguyen-pr42012694
34,Căn hộ Saigon Riverside,Quận 7,68,2,2,3700000000,Hợp đồng mua bán,https://batdongsan.com.vn/ban-can-ho-chung-cu-duong-dao-tri-phuong-phu-thuan-3-prj-q7-saigon-riverside/tong-hop-100-tu-4-block-2pn-ban-3-5-ty-tim-hop-cho-kh-pr43959642
35,Căn hộ Boulevard,Quận 7,70,2,2,4100000000,Sổ đỏ,https://batdongsan.com.vn/ban-can-ho-chung-cu-duong-nguyen-luong-bang-1-phuong-phu-my-9-prj-q7-boulevard/ban-2pn-2wc-70m2-goc-view-ngoai-thoang-mat-tang-trung-chi-4-1-ty-da-ky-hdmb-pr44508714
36,Căn hộ The River,Quận 2,139,3,3,27000000000,Hợp đồng mua bán,https://batdongsan.com.vn/ban-can-ho-chung-cu-duong-nguyen-co-thach-phuong-an-khanh-prj-the-river-thu-thiem/ban-tai-27-ty-139-m2-3pn-3wc-pr44201706
37,Căn hộ Saigonres,Quận Bình Thạnh,76,2,2,3200000000,Hợp đồng mua bán,https://batdongsan.com.vn/ban-can-ho-chung-cu-pho-nguyen-xi-phuong-26-prj-saigonres-plaza/ban-cc-q-binh-thanh-2pn-75m2-2-7-ty-3pn-85m2-3-1-ty-lh-0909-286-392-pr31787258
38,Căn hộ The River,Quận 2,94,2,2,17500000000,Sổ đỏ/ Sổ hồng,https://batdongsan.com.vn/ban-can-ho-chung-cu-duong-nguyen-co-thach-phuong-an-khanh-prj-the-river-thu-thiem/-2pn-94m2-tang-cao-view-thoang-17-5-ty-nhan-nha-o-ngay-pr44449420
39,Căn hộ Masteri Thao Dien,Quận 2,94,3,2,11000000000,Sổ đỏ,https://batdongsan.com.vn/ban-can-ho-chung-cu-duong-xa-lo-ha-noi-phuong-thao-dien-prj-masteri-thao-dien/ban-3pn-2wc-thap-3-goc-view-tang-yen-tinh-co-tro-vay-pr44094563
40,Căn hộ Grand Marina,Quận 1,58,1,1,18000000000,Sổ đỏ/ Sổ hồng,https://batdongsan.com.vn/ban-can-ho-chung-cu-pho-ton-duc-thang-phuong-ben-nghe-prj-grand-marina-saigon/truc-tiep-cdt-masterise-ban-1pn-full-noi-that-chuan-marriott-18-2-ty-tai-sg-pr43865229
41,Căn hộ Eco Green,Quận 7,87,3,2,8000000000,Sổ đỏ/ Sổ hồng,https://batdongsan.com.vn/ban-can-ho-chung-cu-duong-nguyen-van-linh-phuong-tan-thuan-tay-1-prj-eco-green-sai-gon/ban-7-6-ty-87m2-view-dep-3pn-2wc-tai-lh-pr44454629
42,Căn hộ Boulevard,Quận 7,70,2,2,3500000000,Sổ đỏ,https://batdongsan.com.vn/ban-can-ho-chung-cu-duong-nguyen-luong-bang-1-phuong-phu-my-9-prj-q7-boulevard/chuyen-ban-gio-hang-ch-gia-tu-1-9ty-ht-vay-bank-toi-da-tha-lua-cn-lh-0965431233-pr34782303
43,Căn hộ Empire City,Quận 2,92,2,2,22000000000,Hợp đồng mua bán,https://batdongsan.com.vn/ban-can-ho-chung-cu-duong-mai-chi-tho-phuong-thu-thiem-prj-empire-city-thu-thiem/ban-92m2-gia-sieu-i-tai-16-ty-2pn-2wc-pr41685675
44,Căn hộ The Opera Residence,Quận 2,137,3,2,75000000000,Sổ đỏ/ Sổ hồng,https://batdongsan.com.vn/ban-can-ho-chung-cu-duong-dai-lo-vong-cung-phuong-thu-thiem-prj-the-opera-residence/ban-nhanh-3pn-duy-nhat-tai-view-song-q1-vinh-vien-gia-tot-nhat-thi-truong-pr43404834
45,Căn hộ Boulevard,Quận 7,70,2,2,3500000000,Sổ đỏ,https://batdongsan.com.vn/ban-can-ho-chung-cu-duong-nguyen-luong-bang-1-phuong-phu-my-9-prj-q7-boulevard/chinh-chu-ban-2pn-2wc-chi-2-9-ty-l-lh-0946220732-pr32062867
46,Căn hộ Vinhomes Golden River,Quận 1,84,2,2,12800000000,Sổ đỏ/ Sổ hồng,https://batdongsan.com.vn/ban-can-ho-chung-cu-pho-ton-duc-thang-phuong-ben-nghe-prj-vinhomes-golden-river-ba-son/ban-nhanh-a-hau-lau-dai-11-4ty-2pn-84m2-vinmes-quan-1-pr41350646
47,Căn hộ The River,Quận 2,83,2,2,18000000000,Sổ đỏ/ Sổ hồng,https://batdongsan.com.vn/ban-can-ho-chung-cu-duong-tran-bach-dang-phuong-thu-thiem-prj-the-river-thu-thiem/-chuyen-nhuong-2pn-view-truc-dien-song-landmark-da-co-so-pr42578626
48,Căn hộ Sunwah Pearl,Quận Bình Thạnh,109,2,2,14500000000,Sổ hồng,https://batdongsan.com.vn/ban-can-ho-chung-cu-duong-nguyen-huu-canh-phuong-22-prj-sunwah-pearl/ban-cc-p-22-binh-thanh-hcm-14-5-ty-109m2-2pn-2wc-dep-pr43101860
49,Căn hộ Masteri Thao Dien,Quận 2,70,2,2,6750000000,Sổ đỏ/ Sổ hồng,https://batdongsan.com.vn/ban-can-ho-chung-cu-duong-xa-lo-ha-noi-phuong-thao-dien-prj-masteri-thao-dien/5-9-ty-mua-duoc-ngay-ch-2pn-2wc-ngay-toa-trung-tam-mua-gia-re-lh-sang-pr43075671
50,Căn hộ Vinhomes Golden River,Quận 1,90,2,2,13800000000,Sổ đỏ/ Sổ hồng,https://batdongsan.com.vn/ban-can-ho-chung-cu-pho-ton-duc-thang-phuong-ben-nghe-prj-vinhomes-golden-river-ba-son/-ban-gap-a1-lau-45-90m-co-2-ban-cong-gia-chi-13-8ty-pr43252152
51,Căn hộ Eco Green,Quận 7,85,3,2,7500000000,Sổ đỏ,https://batdongsan.com.vn/ban-can-ho-chung-cu-duong-nguyen-van-linh-phuong-tan-thuan-tay-1-prj-eco-green-sai-gon/ban-nhanh-ch-gia-5-5-ty-3pn2wc-95m2-gia-dau-tu-sinh-loi-lh-pr41261367
52,Căn hộ Sunwah Pearl,Quận Bình Thạnh,105,2,2,13700000000,Hợp đồng mua bán,https://batdongsan.com.vn/ban-can-ho-chung-cu-duong-nguyen-huu-canh-phuong-22-prj-sunwah-pearl/hai-yen-nam-minh-land-gio-hang-1pn-2pn-3pn-dang-ban-tai-moi-nhat-t09-2025-pr43983876
53,Căn hộ The River,Quận 2,84,2,2,14700000000,Sổ đỏ/ Sổ hồng,https://batdongsan.com.vn/ban-can-ho-chung-cu-duong-tran-bach-dang-phuong-an-khanh-prj-the-river-thu-thiem/duy-nhat-1-tot-de-dau-tu-tai-ban-2pn-tang-cao-view-song-va-q1-dep-nhat-du-an-pr44043444
54,Căn hộ The River,Quận 2,84,2,2,17000000000,Hợp đồng mua bán,https://batdongsan.com.vn/ban-can-ho-chung-cu-duong-nguyen-co-thach-phuong-an-khanh-prj-the-river-thu-thiem/-ban-2pn-view-song-q1-gia-tot-pr43173785
55,Căn hộ Vinhomes Central Park,Quận Bình Thạnh,80,2,2,8000000000,Sổ đỏ/ Sổ hồng,https://batdongsan.com.vn/ban-can-ho-chung-cu-duong-dien-bien-phu-phuong-22-prj-vinhomes-central-park/ban-2-phong-ngu-80m2-gia-chi-tu-8ty-pr43890369
56,Biệt thự Phu My Hung,Quận 7,185,5,5,52500000000,Sổ hồng,https://batdongsan.com.vn/ban-nha-biet-thu-lien-ke-phuong-tan-phong-9-prj-phu-my-hung/ban-don-lap-tu-xay-khu-trung-tam-canh-doi-quan-7-gia-52-ty-pr41327935
57,Căn hộ Richmond City,Quận Bình Thạnh,67,2,2,4700000000,Hợp đồng mua bán,https://batdongsan.com.vn/ban-can-ho-chung-cu-pho-nguyen-xi-phuong-26-prj-richmond-city/nha-dep-nhu-moi-ban-01-2pn-67m2-gia-4-7-ty-pr44195668
58,Căn hộ Boulevard,Quận 7,70,2,2,3450000000,Sổ đỏ,https://batdongsan.com.vn/ban-can-ho-chung-cu-duong-nguyen-luong-bang-1-phuong-phu-my-9-prj-q7-boulevard/-chi-tu-2-299-ty-70m2-2pn-2wc-xem-bai-phan-tich-pr39461781
59,Biệt thự Phu My Hung,Quận 7,144,3,4,46500000000,Sổ đỏ/ Sổ hồng,https://batdongsan.com.vn/ban-nha-biet-thu-lien-ke-phuong-tan-phong-9-prj-phu-my-hung/ban-gap-q7-tp-hcm-dt-8x18-144m2-1-tret-2-lau-2-pk-3pn-4wc-gia-46-5-ty-tl-pr44059034
60,Căn hộ Richmond City,Quận Bình Thạnh,67,2,2,4600000000,Hợp đồng mua bán,https://batdongsan.com.vn/ban-can-ho-chung-cu-pho-nguyen-xi-phuong-26-prj-richmond-city/em-ban-gap-ch-2pn-67m2-view-song-huong-mt-gia-4-6-ty-bao-het-pr44166771
61,Căn hộ The Opera Residence,Quận 2,80,2,2,18590000000,Sổ đỏ,https://batdongsan.com.vn/ban-can-ho-chung-cu-duong-dai-lo-vong-cung-phuong-thu-thiem-prj-the-opera-residence/em-nhi-quan-ly-full-gio-hang-ban-1pn-12ty-2pn-19ty-3pn-29ty-4pn-75-ty-pr43247333
62,Căn hộ Richmond City,Quận Bình Thạnh,70,2,2,5000000000,Hợp đồng mua bán,https://batdongsan.com.vn/ban-can-ho-chung-cu-pho-nguyen-xi-phuong-26-prj-richmond-city/chinh-chu-ban-gap-ch-q-binh-thanh-3pn-dt-86m2-lau-trung-gia-4-7-ty-pr41039723
63,Căn hộ The Galleria,Quận 2,107,2,2,18500000000,Sổ đỏ,https://batdongsan.com.vn/ban-can-ho-chung-cu-duong-dai-lo-vong-cung-phuong-an-khanh-prj-the-galleria-residence/ban-2pn-tang-cao-view-song-landmark-81-pr44021462
64,Căn hộ Richmond City,Quận Bình Thạnh,86,3,2,6100000000,Hợp đồng mua bán,https://batdongsan.com.vn/ban-can-ho-chung-cu-pho-nguyen-xi-phuong-26-prj-richmond-city/gia-ban-vo-cung-hap-dan-1pn-2-7-ty-view-dep-gia-uu-dai-o-ngay-a-lh-pr41021911
65,Căn hộ Saigon Riverside,Quận 7,73,2,2,4000000000,Hợp đồng mua bán,https://batdongsan.com.vn/ban-can-ho-chung-cu-duong-dao-tri-phuong-phu-thuan-3-prj-q7-saigon-riverside/73m2-gia-4-ty-goc-2pn2wc-thuan-pr44157553
66,Căn hộ The River,Quận 2,202,4,3,47000000000,Sổ đỏ/ Sổ hồng,https://batdongsan.com.vn/ban-can-ho-chung-cu-duong-tran-bach-dang-phuong-thu-thiem-prj-the-river-thu-thiem/ban-nhanh-2pn-view-landmark-14-ty-pr43766986
67,Căn hộ Vinhomes Golden River,Quận 1,46,1,1,8800000000,Hợp đồng mua bán,https://batdongsan.com.vn/ban-can-ho-chung-cu-pho-ton-duc-thang-phuong-ben-nghe-prj-vinhomes-golden-river-ba-son/8-8-ty-gia-dau-tu-chuyen-nhuong-1pn-vinmes-bason-pr44197830
68,Căn hộ The Galleria,Quận 2,169,4,3,63000000000,Hợp đồng mua bán,https://batdongsan.com.vn/ban-can-ho-chung-cu-duong-dai-lo-vong-cung-phuong-an-khanh-prj-the-galleria-residence/ban-4pn-dien-tich-lon-169-78m2-gia-63-ty-all-in-lien-he-pr44199169
69,Căn hộ The Opera Residence,Quận 2,94,2,2,36000000000,Sổ đỏ/ Sổ hồng,https://batdongsan.com.vn/ban-can-ho-chung-cu-duong-dai-lo-vong-cung-phuong-thu-thiem-prj-the-opera-residence/-truc-b-01-94m-rong-nhat-phan-khuc-2pn-36-ty-all-in-pr44077266
70,Biệt thự Thủ Thiêm,Quận 2,500,5,5,92000000000,Sổ đỏ/ Sổ hồng,https://batdongsan.com.vn/ban-nha-biet-thu-lien-ke-phuong-thanh-my-loi-prj-khu-dan-cu-thu-thiem-villa/sieu-can-ban-dien-tich-khung-500m2-gia-92-ty-day-du-noi-that-pr43141976
71,Biệt thự Phu My Hung,Quận 7,275,5,5,80000000000,Sổ đỏ/ Sổ hồng,https://batdongsan.com.vn/ban-nha-biet-thu-lien-ke-phuong-tan-phong-9-prj-phu-my-hung/so-huu-nguyen-mau-ban-giao-tu-chu-dau-tu-dt-275m2-vi-tri-giua-2-cong-vien-lon-pr44504910
72,Căn hộ Grand Marina,Quận 1,122,3,2,57000000000,Hợp đồng mua bán,https://batdongsan.com.vn/ban-can-ho-chung-cu-pho-ton-duc-thang-phuong-ben-nghe-prj-grand-marina-saigon/gia-57-ty-allin-3pn-121-82m2-toa-sea-view-truc-dien-song-sg-cau-ba-son-phao-hoa-pr43407647
73,Căn hộ Boulevard,Quận 7,50,1,1,2650000000,Sổ đỏ,https://batdongsan.com.vn/ban-can-ho-chung-cu-duong-nguyen-luong-bang-1-phuong-phu-my-9-prj-q7-boulevard/-2-35-ty-57m2-2pn-1wc-huong-nam-gio-mat-view-song-phap-ly-hop-dong-dat-coc-pr43212444
74,Căn hộ Saigon Riverside,Quận 7,68,2,2,3700000000,Hợp đồng mua bán,https://batdongsan.com.vn/ban-can-ho-chung-cu-duong-dao-tri-phuong-phu-thuan-3-prj-q7-saigon-riverside/ban-ch-tro-vay-70-ngan-hang-ls-thap-gia-tot-nhat-chi-tu-1-8-ty-call-0932139007-pr35177202
75,Căn hộ Grand Marina,Quận 1,150,3,2,65000000000,Chưa có,https://batdongsan.com.vn/ban-can-ho-chung-cu-pho-ton-duc-thang-phuong-ben-nghe-prj-grand-marina-saigon/-ban-sai-gon-toa-lake-3-phong-ngu-2-phong-tam-65-ty-pr43787493
76,Căn hộ The Galleria,Quận 2,110,3,2,27000000000,Sổ đỏ/ Sổ hồng,https://batdongsan.com.vn/ban-can-ho-chung-cu-duong-dai-lo-vong-cung-phuong-an-khanh-prj-the-galleria-residence/nhanh-tay-so-huu-3pn-view-song-vinh-vien-ngam-phao-hoa-ngay-tai-ban-cong-nha-minh-pr43224374
77,Căn hộ Empire City,Quận 2,100,2,2,25000000000,Sổ đỏ,https://batdongsan.com.vn/ban-can-ho-chung-cu-duong-mai-chi-tho-phuong-thu-thiem-prj-empire-city-thu-thiem/-ban-tai-oc-cove-residences-gom-2-png-ngu-dien-tich-100m2-pr43697341
78,Căn hộ The Galleria,Quận 2,70,2,2,17800000000,Sổ đỏ/ Sổ hồng,https://batdongsan.com.vn/ban-can-ho-chung-cu-duong-dai-lo-vong-cung-phuong-an-khanh-prj-the-galleria-residence/-ban-2pn-70m2-gia-tot-nhat-thi-truong-thuong-luong-chinh-chu-pr44197640
79,Căn hộ Eco Green,Quận 7,65,2,2,5900000000,Sổ đỏ/ Sổ hồng,https://batdongsan.com.vn/ban-can-ho-chung-cu-duong-nguyen-van-linh-phuong-tan-thuan-tay-1-prj-eco-green-sai-gon/ban-ecogreen-saigon-65m2-2pn-san-so-lh-em-pr44170268
80,Căn hộ Vinhomes Golden River,Quận 1,160,4,3,49000000000,Sổ đỏ/ Sổ hồng,https://batdongsan.com.vn/ban-can-ho-chung-cu-pho-ton-duc-thang-phuong-ben-nghe-prj-vinhomes-golden-river-ba-son/n-4pn-chinh-chu-vinmes-son-pr44207491
81,Căn hộ Vinhomes Golden River,Quận 1,110,3,2,23600000000,Sổ đỏ/ Sổ hồng,https://batdongsan.com.vn/ban-can-ho-chung-cu-pho-ton-duc-thang-phuong-ben-nghe-prj-vinhomes-golden-river-ba-son/n-gap-ch-3pn-2wc-110m2-tai-20-ty-vnd-toa-lux6-full-noi-that-pr42335380
82,Căn hộ The River,Quận 2,125,3,2,26000000000,Sổ đỏ/ Sổ hồng,https://batdongsan.com.vn/ban-can-ho-chung-cu-duong-tran-bach-dang-phuong-thu-thiem-prj-the-river-thu-thiem/ban-nhanh-3pn-thap-hudson-25-5-ty-pr43908027
83,Căn hộ Vinhomes Golden River,Quận 1,50,1,1,9500000000,Hợp đồng mua bán,https://batdongsan.com.vn/ban-can-ho-chung-cu-pho-ton-duc-thang-phuong-ben-nghe-prj-vinhomes-golden-river-ba-son/bason-ban-1pn-gia-4-750-ty-bao-thue-phi-call-xem-nha-24-7-pr38699107
84,Căn hộ Vinhomes Central Park,Quận Bình Thạnh,79,2,2,7500000000,Sổ đỏ/ Sổ hồng,https://batdongsan.com.vn/ban-can-ho-chung-cu-duong-dien-bien-phu-phuong-22-prj-vinhomes-central-park/ban-gia-uu-dai-2pn-2wc-79m2-so-hong-vinh-vien-park-pr43397606
85,Căn hộ The River,Quận 2,139,3,2,23000000000,Sổ đỏ/ Sổ hồng,https://batdongsan.com.vn/ban-can-ho-chung-cu-duong-nguyen-co-thach-phuong-an-khanh-prj-the-river-thu-thiem/cap-nhat-gio-hang-thang-10-2025-that-gia-that-so-hong-san-pr44235258
86,Biệt thự Phu My Hung,Quận 7,407,5,6,70000000000,Sổ đỏ,https://batdongsan.com.vn/ban-nha-biet-thu-lien-ke-duong-ly-long-tuong-phuong-tan-phong-9-prj-phu-my-hung/-don-lap-canh-doi-quan-7-ngay-cong-vien-cau-anh-sao-so-hong-407m2-gia-62-ty-pr29785233
87,Căn hộ The Opera Residence,Quận 2,140,3,2,46400000000,Chưa có,https://batdongsan.com.vn/ban-can-ho-chung-cu-duong-dai-lo-vong-cung-phuong-thu-thiem-prj-the-opera-residence/ban-loft-140m2-tang-23-pr43356187
88,Căn hộ Boulevard,Quận 7,69,2,1,2650000000,Sổ đỏ,https://batdongsan.com.vn/ban-can-ho-chung-cu-duong-nguyen-luong-bang-1-phuong-phu-my-9-prj-q7-boulevard/ban-cc-quan-7-2-65-ty-69m2-goc-bc-huong-nam-pr44065239
89,Căn hộ Vinhomes Golden River,Quận 1,80,2,2,15500000000,Hợp đồng mua bán,https://batdongsan.com.vn/ban-can-ho-chung-cu-pho-ton-duc-thang-phuong-ben-nghe-prj-vinhomes-golden-river-ba-son/-2pn-vong-cung-duy-nhat-con-ban-muc-gia-nay-pr44139630
90,Biệt thự Saigon Pearl,Quận Bình Thạnh,147,4,3,90000000000,Sổ đỏ/ Sổ hồng,https://batdongsan.com.vn/ban-nha-biet-thu-lien-ke-duong-nguyen-huu-canh-phuong-22-prj-saigon-pearl/can-gia-90-ty-vnd-tai-binh-thanh-pr41247066
91,Căn hộ The Opera Residence,Quận 2,81,2,2,22200000000,Chưa có,https://batdongsan.com.vn/ban-can-ho-chung-cu-duong-dai-lo-vong-cung-phuong-thu-thiem-prj-the-opera-residence/-ban-2pn-full-noi-that-gia-22-2-ty-all-in-81m2-view-noi-khu-pr44122927
92,Căn hộ Grand Marina,Quận 1,166,3,3,63900000000,Hợp đồng mua bán,https://batdongsan.com.vn/ban-can-ho-chung-cu-pho-ton-duc-thang-phuong-ben-nghe-prj-grand-marina-saigon/chi-dang-tin-that-3pn-3wc-dual-key-dien-tich-166m2-sieu-hiem-tai-sai-gon-marriott-pr44197217
93,Căn hộ Masteri Thao Dien,Quận 2,77,2,2,6900000000,Sổ hồng,https://batdongsan.com.vn/ban-can-ho-chung-cu-duong-xa-lo-ha-noi-phuong-thao-dien-prj-masteri-thao-dien/chuyen-hang-gia-re-du-an-lh-pr40990762
94,Căn hộ Vinhomes Central Park,Quận Bình Thạnh,160,4,3,24000000000,Sổ đỏ/ Sổ hồng,https://batdongsan.com.vn/ban-can-ho-chung-cu-duong-dien-bien-phu-phuong-22-prj-vinhomes-central-park/ban-vinmes-gia-tot-nhat-thi-truong-1-2-3-4-png-ngu-tich-da-dang-pr42627656
95,Căn hộ The Opera Residence,Quận 2,59,1,1,14500000000,Hợp đồng mua bán,https://batdongsan.com.vn/ban-can-ho-chung-cu-duong-dai-lo-vong-cung-phuong-thu-thiem-prj-the-opera-residence/ban-1pn-dien-tich-lon-full-noi-that-thiem-pr44200845
96,Căn hộ The Galleria,Quận 2,90,2,2,15500000000,Hợp đồng mua bán,https://batdongsan.com.vn/ban-can-ho-chung-cu-duong-dai-lo-vong-cung-phuong-an-khanh-prj-the-galleria-residence/-ban-nhanh-2-png-ngu-90-m2-gia-re-dau-tu-chi-15-5-ty-bao-het-full-nt-pr44082519
97,Căn hộ Vinhomes Central Park,Quận Bình Thạnh,77,2,2,8300000000,Sổ đỏ/ Sổ hồng,https://batdongsan.com.vn/ban-can-ho-chung-cu-duong-dien-bien-phu-phuong-22-prj-vinhomes-central-park/ban-1pn-toa-landmark-view-tang-sieu-dep-tang-trung-nha-moi-c-thue-gia-cao-pr43816059
98,Căn hộ Saigon Riverside,Quận 7,68,2,2,3700000000,Hợp đồng mua bán,https://batdongsan.com.vn/ban-can-ho-chung-cu-duong-dao-tri-phuong-phu-thuan-3-prj-q7-saigon-riverside/so-huu-ngay-ch-view-song-sieu-dinh-1pn-gia-tot-chi-tu-1-9-ty-lh-0932100172-pr34269065
99,Căn hộ The River,Quận 2,94,2,2,15000000000,Sổ đỏ/ Sổ hồng,https://batdongsan.com.vn/ban-can-ho-chung-cu-duong-tran-bach-dang-phuong-an-khanh-prj-the-river-thu-thiem/cap-nhat-full-gio-hang-chuyen-nhuong-tu-1-4pn-pool-villa-penhouse-gia-tot-nhat-pr42540292
100,Căn hộ Grand Marina,Quận 1,81,2,2,31500000000,Sổ đỏ/ Sổ hồng,https://batdongsan.com.vn/ban-can-ho-chung-cu-pho-ton-duc-thang-phuong-ben-nghe-prj-grand-marina-saigon/-ban-2pn2wc-52-ty-118m2-view-phao-a-bitexco-lh-pr44110918
101,Căn hộ Masteri Thao Dien,Quận 2,71,2,2,6700000000,Sổ hồng,https://batdongsan.com.vn/ban-can-ho-chung-cu-duong-vo-nguyen-giap-phuong-thao-dien-prj-masteri-thao-dien/-ban-quan-2-goc-dt-71m2-2-pn-bep-mo-huong-dong-nam-gia-6-5-ty-so-hong-pr43717356
102,Căn hộ The Opera Residence,Quận 2,70,2,2,32000000000,Sổ hồng,https://batdongsan.com.vn/ban-can-ho-chung-cu-duong-dai-lo-vong-cung-phuong-thu-thiem-prj-the-opera-residence/ban-2pn-metropole-70m2-full-noi-that-view-bitexco-q1-gia-tot-pr44500490
103,Căn hộ Saigonres,Quận Bình Thạnh,72,2,2,4100000000,Hợp đồng mua bán,https://batdongsan.com.vn/ban-can-ho-chung-cu-pho-nguyen-xi-phuong-26-prj-saigonres-plaza/ban-cc-dep-4-1-ty-72m2-2pn-2wc-nhieu-tien-ich-pr44175717
104,Căn hộ Eco Green,Quận 7,80,3,2,8000000000,Sổ đỏ,https://batdongsan.com.vn/ban-can-ho-chung-cu-duong-nguyen-van-linh-phuong-tan-thuan-tay-1-prj-eco-green-sai-gon/tong-hop-100-da-co-so-hong-2pn-4-2-ty-full-nt-co-the-o-hoac-dau-tu-thue-pr41205686
105,Căn hộ Sunwah Pearl,Quận Bình Thạnh,107,3,2,13900000000,Hợp đồng mua bán,https://batdongsan.com.vn/ban-can-ho-chung-cu-duong-nguyen-huu-canh-phuong-22-prj-sunwah-pearl/-2pn-97-21m2-toa-wh-view-song-noi-khu-gia-13-ty-all-in-pr43445287
106,Căn hộ Sunwah Pearl,Quận Bình Thạnh,105,2,2,15000000000,Hợp đồng mua bán,https://batdongsan.com.vn/ban-can-ho-chung-cu-duong-nguyen-huu-canh-phuong-22-prj-sunwah-pearl/hai-yen-gio-hang-dang-ban-tai-t12-2024-1pn-5-8-ty-2pn-10-15-ty-pr41652145
107,Căn hộ Sunwah Pearl,Quận Bình Thạnh,133,3,2,20000000000,Chưa có,https://batdongsan.com.vn/ban-can-ho-chung-cu-duong-nguyen-huu-canh-phuong-22-prj-sunwah-pearl/hang-nam-chinh-chu-goc-3pn-133m2-gia-17-5-ty-tot-nhat-thi-truong-view-song-pr43383911
108,Căn hộ Boulevard,Quận 7,76,3,2,3700000000,Sổ đỏ,https://batdongsan.com.vn/ban-can-ho-chung-cu-duong-nguyen-luong-bang-1-phuong-phu-my-9-prj-q7-boulevard/dinh-nuoc-ngoai-ban-gap-3pn-2wc-nha-moi-2ty950-bao-phi-sang-ten-pr43031885
109,Biệt thự Hoa Phượng,Quận 2,302,5,5,35000000000,Sổ đỏ/ Sổ hồng,https://batdongsan.com.vn/ban-nha-biet-thu-lien-ke-duong-le-trong-tan-xa-an-khanh-4-prj-khu-biet-thu-hoa-phuong/chu-ban-gap-goc-duy-t-gia-chi-tu-113tr-m2-bao-toan-bo-chi-phi-call-em-pr43217801
110,Căn hộ Saigonres,Quận Bình Thạnh,76,2,2,3400000000,Hợp đồng mua bán,https://batdongsan.com.vn/ban-can-ho-chung-cu-pho-nguyen-xi-phuong-26-prj-saigonres-plaza/ban-3pn-dt-86m2-goc-gia-3-2-ty-tang-nt-lh-0903-648-938-duong-pr24284175
111,Căn hộ Boulevard,Quận 7,57,2,1,3200000000,Sổ đỏ,https://batdongsan.com.vn/ban-can-ho-chung-cu-duong-nguyen-luong-bang-1-phuong-phu-my-9-prj-q7-boulevard/cap-nhat-gia-ch-sang-trong-gia-chi-tu-2-50ty-ht-vay-bank-70-lh-0932100172-pr34598110
112,Căn hộ Vinhomes Central Park,Quận Bình Thạnh,89,2,2,8900000000,Sổ đỏ/ Sổ hồng,https://batdongsan.com.vn/ban-can-ho-chung-cu-duong-dien-bien-phu-phuong-22-prj-vinhomes-central-park/ban-vinmes-53-7m2-1pn-toa-landmark-6-view-truc-song-pr29013739
113,Căn hộ Eco Green,Quận 7,70,2,2,5400000000,Sổ đỏ/ Sổ hồng,https://batdongsan.com.vn/ban-can-ho-chung-cu-duong-nguyen-van-linh-phuong-tan-thuan-tay-1-prj-eco-green-sai-gon/ban-2-png-ngu-1wc-52-7m2-quan-7-so-ng-san-lh-pr43896701
114,Căn hộ Vinhomes Central Park,Quận Bình Thạnh,82,2,2,9800000000,Sổ đỏ/ Sổ hồng,https://batdongsan.com.vn/ban-can-ho-chung-cu-duong-nguyen-huu-canh-phuong-22-prj-vinhomes-central-park/con-1-2pn-82m2-huong-mat-co-so-gia-9-8-ty-khong-phai-c3-ban-gap-tin-that-100-pr44486533
115,Căn hộ Vinhomes Central Park,Quận Bình Thạnh,120,3,2,11500000000,Sổ đỏ/ Sổ hồng,https://batdongsan.com.vn/ban-can-ho-chung-cu-duong-dien-bien-phu-phuong-22-prj-vinhomes-central-park/ban-gap-3-png-ngu-vinmes-128m-full-noi-that-gia-11-5-ty-pr42691375
116,Căn hộ Boulevard,Quận 7,50,1,1,2300000000,Sổ đỏ,https://batdongsan.com.vn/ban-can-ho-chung-cu-duong-nguyen-luong-bang-1-phuong-phu-my-9-prj-q7-boulevard/ban-1pn-tai-quan-7-tp-hcm-2-ty-50m2-pr41727511
117,Căn hộ The Galleria,Quận 2,72,2,2,23500000000,Sổ đỏ/ Sổ hồng,https://batdongsan.com.vn/ban-can-ho-chung-cu-duong-dai-lo-vong-cung-phuong-an-khanh-prj-the-galleria-residence/ban-2-phong-ngu-metropole-view-song-truc-dien-tang-dep-gia-23-5-ty-bao-het-pr44508082
118,Căn hộ Vinhomes Golden River,Quận 1,160,4,3,58500000000,Sổ đỏ/ Sổ hồng,https://batdongsan.com.vn/ban-can-ho-chung-cu-pho-ton-duc-thang-phuong-ben-nghe-prj-vinhomes-golden-river-ba-son/bason-ban-gap-4pn-160m-vong-cung-gia-45ty-bao-so-tang-full-noi-that-4ty-chinh-chu-pr43106514
119,Căn hộ Grand Marina,Quận 1,90,2,2,42000000000,Hợp đồng mua bán,https://batdongsan.com.vn/ban-can-ho-chung-cu-pho-ton-duc-thang-phuong-ben-nghe-prj-grand-marina-saigon/ban-2pn-90m2-gia-42-ty-truc-dien-song-toa-sea-jw-marriott-pr43865225
120,Căn hộ The River,Quận 2,94,2,2,16500000000,Sổ đỏ/ Sổ hồng,https://batdongsan.com.vn/ban-can-ho-chung-cu-duong-tran-bach-dang-phuong-an-khanh-prj-the-river-thu-thiem/-chuyen-nhuong-2pn-tang-full-goi-noi-that-nhu-hinh-view-boi-song-pr44043317
121,Căn hộ Eco Green,Quận 7,87,3,2,7200000000,Sổ đỏ,https://batdongsan.com.vn/ban-can-ho-chung-cu-duong-nguyen-van-linh-phuong-tan-thuan-tay-1-prj-eco-green-sai-gon/-anh-that-goc-3pn2wc-87m2-ban-cong-huong-dong-nam-tang-cao-rat-thoang-gia-chi-6-55-ty-pr43211541
122,Căn hộ The Opera Residence,Quận 2,180,4,3,75000000000,Hợp đồng mua bán,https://batdongsan.com.vn/ban-can-ho-chung-cu-duong-d6-phuong-thu-thiem-prj-the-opera-residence/-4pn-duy-nhat-con-ban-view-song-truc-dien-san-hd-thue-pr44086808
123,Biệt thự Bình An,Quận 2,360,6,6,70000000000,Sổ đỏ/ Sổ hồng,https://batdongsan.com.vn/ban-nha-biet-thu-lien-ke-duong-21-1-phuong-binh-an/b-sieu-sg-70-ty-goc-2-mat-tien-21-p-qu-2-4-tg-360m-24x15m-pr43649678
124,Căn hộ Vinhomes Central Park,Quận Bình Thạnh,80,2,2,9500000000,Chưa có,https://batdongsan.com.vn/ban-can-ho-chung-cu-duong-dien-bien-phu-phuong-22-prj-vinhomes-central-park/view-thong-thoang-chu-phong-khoang-chuyen-dep-view-dinh-nhat-vins-2pn-7ty9-pr42237901
125,Căn hộ The Galleria,Quận 2,277,4,3,79200000000,Hợp đồng mua bán,https://batdongsan.com.vn/ban-can-ho-chung-cu-duong-nguyen-thien-thanh-phuong-an-khanh-prj-the-galleria-residence/sieu-pham-4pn-san-vuon-duy-nhat-dang-ban-suat-spa-pr44084976
126,Căn hộ The Galleria,Quận 2,50,1,1,12500000000,Sổ đỏ/ Sổ hồng,https://batdongsan.com.vn/ban-can-ho-chung-cu-duong-nguyen-thien-thanh-phuong-an-khanh-prj-the-galleria-residence/ban-1pn-da-co-so-view-song-cau-bason-12-5-ty-pr44126832
127,Căn hộ Masteri Thao Dien,Quận 2,69,2,2,6000000000,Sổ đỏ/ Sổ hồng,https://batdongsan.com.vn/ban-can-ho-chung-cu-duong-xa-lo-ha-noi-phuong-thao-dien-prj-masteri-thao-dien/chinh-chu-gui-ban-2pn-that-moi-100-chua-ai-o-lh-em-0946-867-771-pr31511759
128,Căn hộ Grand Marina,Quận 1,93,2,2,50000000000,Sổ đỏ/ Sổ hồng,https://batdongsan.com.vn/ban-can-ho-chung-cu-pho-ton-duc-thang-phuong-ben-nghe-prj-grand-marina-saigon/ban-cc-1pn-1wc-tai-26-ty-51m2-view-song-gia-all-in-lh-pr44110580
129,Căn hộ Boulevard,Quận 7,57,2,1,2550000000,Sổ đỏ,https://batdongsan.com.vn/ban-can-ho-chung-cu-duong-nguyen-luong-bang-1-phuong-phu-my-9-prj-q7-boulevard/-ban-2pn-1wc-gia-2-45-ty-pr44087350
130,Căn hộ Saigon Riverside,Quận 7,53,1,1,3100000000,Hợp đồng mua bán,https://batdongsan.com.vn/ban-can-ho-chung-cu-duong-dao-tri-phuong-phu-thuan-3-prj-q7-saigon-riverside/ban-ch-1pn-1wc-53m2-tai-2-8-ty-uy-tin-pr43802680
131,Căn hộ Vinhomes Golden River,Quận 1,110,3,2,21500000000,Sổ đỏ/ Sổ hồng,https://batdongsan.com.vn/ban-can-ho-chung-cu-pho-ton-duc-thang-phuong-ben-nghe-prj-vinhomes-golden-river-ba-son/gio-hang-t9-2025-ban-3pn-4pn-quan-1-pr43901383
132,Căn hộ Boulevard,Quận 7,70,2,2,2950000000,Sổ đỏ,https://batdongsan.com.vn/ban-can-ho-chung-cu-duong-nguyen-luong-bang-1-phuong-phu-my-9-prj-q7-boulevard/-70m2-2pn-2wc-goc-view-thoang-2-85-ty-bai-phan-tich-du-an-newhousegroup-pr43276231
133,Biệt thự Phu My Hung,Quận 7,180,4,5,55000000000,Sổ đỏ/ Sổ hồng,https://batdongsan.com.vn/ban-nha-biet-thu-lien-ke-phuong-tan-phong-9-prj-phu-my-hung/villa-gan-truong-quoc-te-canada-bcis-vi-tri-goc-cong-vien-9mx20m-can-chuyen-nhuong-2025-pr42209944
134,Căn hộ Vinhomes Golden River,Quận 1,121,3,2,28000000000,Sổ đỏ/ Sổ hồng,https://batdongsan.com.vn/ban-can-ho-chung-cu-pho-ton-duc-thang-phuong-ben-nghe-prj-vinhomes-golden-river-ba-son/-ban-3pn-vong-cung-view-song-bason-gia-tot-nhat-tt-san-so-hong-pr44049133
135,Căn hộ Eco Green,Quận 7,67,2,2,5500000000,Sổ đỏ,https://batdongsan.com.vn/ban-can-ho-chung-cu-duong-nguyen-van-linh-phuong-tan-thuan-tay-1-prj-eco-green-sai-gon/ban-2pn2wc-70m2-co-so-ng-view-q1-sg-quan-7-gia-tot-chi-5-4ty-h-pr43250807
136,Căn hộ Empire City,Quận 2,64,1,1,13500000000,Sổ đỏ,https://batdongsan.com.vn/ban-can-ho-chung-cu-duong-mai-chi-tho-phuong-thu-thiem-prj-empire-city-thu-thiem/-1pn-dang-mua-nhat-tai-lau-cao-sieu-thoang-va-ban-cong-dong-nam-sieu-mat-pr43751003
137,Căn hộ Grand Marina,Quận 1,88,2,2,40000000000,Sổ đỏ/ Sổ hồng,https://batdongsan.com.vn/ban-can-ho-chung-cu-pho-ton-duc-thang-phuong-ben-nghe-prj-grand-marina-saigon/ban-cc-52-ty-118m2-2pn-2wc-q1-hcm-lh-pr44110477
138,Căn hộ Eco Green,Quận 7,66,2,2,6000000000,Sổ đỏ,https://batdongsan.com.vn/ban-can-ho-chung-cu-duong-nguyen-van-linh-phuong-tan-thuan-tay-1-prj-eco-green-sai-gon/ban-gap-4-6-ty-72m2-2pn-2wc-hang-hiem-noi-that-dep-lh-pr42636430
139,Căn hộ Richmond City,Quận Bình Thạnh,86,3,2,6000000000,Hợp đồng mua bán,https://batdongsan.com.vn/ban-can-ho-chung-cu-pho-nguyen-xi-phuong-26-prj-richmond-city/-2pn-gia-3-8ty-66-6m2-vay-bank-toi-da-pkd-pr41074415
140,Căn hộ The Galleria,Quận 2,86,2,2,19000000000,Sổ đỏ/ Sổ hồng,https://batdongsan.com.vn/ban-can-ho-chung-cu-duong-dai-lo-vong-cung-phuong-an-khanh-prj-the-galleria-residence/ban-2pn-2wc-86m2-view-quan-1-layout-rong-thoang-gia-19-ty-all-in-pr44416162
141,Căn hộ Grand Marina,Quận 1,63,1,1,20600000000,Hợp đồng mua bán,https://batdongsan.com.vn/ban-can-ho-chung-cu-pho-ton-duc-thang-phuong-ben-nghe-prj-grand-marina-saigon/ban-1pn-full-noi-that-63m2-full-noi-that-dang-co-hop-dong-thue-gia-20-6-ty-all-in-pr44172995
142,Căn hộ Saigon Riverside,Quận 7,67,2,2,3750000000,Hợp đồng mua bán,https://batdongsan.com.vn/ban-can-ho-chung-cu-duong-dao-tri-phuong-phu-thuan-3-prj-q7-saigon-riverside/ban-2pn-67m2-complex-gia-3-750-ty-dang-cho-thue-10tr-thang-pr44200073
143,Biệt thự Nguyễn Văn Hưởng,Quận 2,200,4,5,69800000000,Sổ đỏ,https://batdongsan.com.vn/ban-nha-biet-thu-lien-ke-duong-nguyen-van-huong-phuong-thao-dien-prj-q2-thao-dien/-khu-an-ninh-ngay-truong-qt-bis-dt-10x20-3-lau-chi-69ty8-pr44154589
144,Căn hộ Eco Green,Quận 7,67,2,2,6500000000,Sổ đỏ/ Sổ hồng,https://batdongsan.com.vn/ban-can-ho-chung-cu-duong-nguyen-van-linh-phuong-tan-thuan-tay-1-prj-eco-green-sai-gon/ban-3pn-huong-mat-me-don-nang-gia-4-480-ty-bao-thue-phi-lh-0938826595-pr37282435
145,Căn hộ Saigon Riverside,Quận 7,67,2,2,3750000000,Hợp đồng mua bán,https://batdongsan.com.vn/ban-can-ho-chung-cu-duong-dao-tri-phuong-phu-thuan-3-prj-q7-saigon-riverside/ban-2pn-2wc-67m2-complex-tang-trung-gia-dau-tu-pr44508629
146,Biệt thự Phu My Hung,Quận 7,144,4,4,57000000000,Sổ đỏ/ Sổ hồng,https://batdongsan.com.vn/ban-nha-biet-thu-lien-ke-phuong-tan-phong-9-prj-phu-my-hung/ban-duong-lon-khu-nam-dien-tich-144m2-co-ham-so-hong-chinh-chu-pr43731006
147,Căn hộ Masteri Thao Dien,Quận 2,55,1,1,6300000000,Sổ đỏ/ Sổ hồng,https://batdongsan.com.vn/ban-can-ho-chung-cu-duong-xa-lo-ha-noi-phuong-thao-dien-prj-masteri-thao-dien/ban-cc-8-5-ty-93m2-3pn-2wc-san-so-vay-ngan-hang-vo-tu-lh-pr43722473
148,Căn hộ Empire City,Quận 2,96,2,2,17900000000,Sổ đỏ,https://batdongsan.com.vn/ban-can-ho-chung-cu-duong-mai-chi-tho-phuong-thu-thiem-prj-empire-city-thu-thiem/em-vy-xin-cap-nhat-top-moi-gia-tot-t6-2025-2pn-pr43229196
149,Căn hộ Masteri Thao Dien,Quận 2,93,3,2,10000000000,Sổ đỏ/ Sổ hồng,https://batdongsan.com.vn/ban-can-ho-chung-cu-duong-xa-lo-ha-noi-phuong-thao-dien-prj-masteri-thao-dien/-3pn-that-dep-ban-gap-gia-dau-tu-pr37812383
150,Căn hộ Masteri Thao Dien,Quận 2,70,2,2,6900000000,Sổ đỏ/ Sổ hồng,https://batdongsan.com.vn/ban-can-ho-chung-cu-duong-xa-lo-ha-noi-phuong-thao-dien-prj-masteri-thao-dien/ban-cao-cap-2pn-tai-dt-70m2-2pn-2wc-view-tang-mat-gia-tot-6-x-ty-pr42868453
151,Căn hộ Grand Marina,Quận 1,78,2,2,30000000000,Hợp đồng mua bán,https://batdongsan.com.vn/ban-can-ho-chung-cu-pho-ton-duc-thang-phuong-ben-nghe-prj-grand-marina-saigon/chinh-chu-ban-2-png-ngu-78m2-30-ty-view-song-sai-gon-quan-1-pr44176401
152,Căn hộ Saigonres,Quận Bình Thạnh,72,2,2,4200000000,Hợp đồng mua bán,https://batdongsan.com.vn/ban-can-ho-chung-cu-pho-nguyen-xi-phuong-26-prj-saigonres-plaza/-ban-gap-ch-vincom-2pn-2-7-ti-3pn-3-5-ti-lh-quan-077-399-1118-pr41690717
153,Căn hộ Vinhomes Golden River,Quận 1,115,3,2,27000000000,Sổ đỏ/ Sổ hồng,https://batdongsan.com.vn/ban-can-ho-chung-cu-pho-ton-duc-thang-phuong-ben-nghe-prj-vinhomes-golden-river-ba-son/chu-tien-ban-gap-3pn-goc-lux6-08-115m2-co-so-hong-day-du-noi-that-ban-nhanh-20-5ty-bao-thue-pr41927863
154,Căn hộ Richmond City,Quận Bình Thạnh,66,2,2,4400000000,Hợp đồng mua bán,https://batdongsan.com.vn/ban-can-ho-chung-cu-pho-nguyen-xi-phuong-26-prj-richmond-city/chu-nha-ket-tien-ban-nhanh-2pn-2wc-full-noi-that-moi-gia-3-8-ty-bao-het-pr39026158
155,Căn hộ Grand Marina,Quận 1,88,2,2,38600000000,Hợp đồng mua bán,https://batdongsan.com.vn/ban-can-ho-chung-cu-pho-ton-duc-thang-phuong-ben-nghe-prj-grand-marina-saigon/ban-2pn-88m2-gia-38-4ty-full-noi-that-view-truc-dien-song-tai-saigon-pr43820599
156,Căn hộ The Opera Residence,Quận 2,137,3,2,70000000000,Hợp đồng mua bán,https://batdongsan.com.vn/ban-can-ho-chung-cu-duong-dai-lo-vong-cung-phuong-thu-thiem-prj-the-opera-residence/-3pn-truc-dien-song-thang-may-rieng-view-bitexco-marina-sai-gon-ifc-pr44148292
157,Căn hộ The Galleria,Quận 2,170,4,3,65000000000,Hợp đồng mua bán,https://batdongsan.com.vn/ban-can-ho-chung-cu-phuong-an-khanh-prj-the-galleria-residence/ban-4pn-170m2-view-a-hau-landmark-81-truc-dien-song-metropole-pr42414433
158,Biệt thự Phu My Hung,Quận 7,180,5,5,53000000000,Sổ đỏ/ Sổ hồng,https://batdongsan.com.vn/ban-nha-biet-thu-lien-ke-duong-nguyen-binh-1-phuong-tan-phong-9-prj-phu-my-hung/ban-song-lap-khu-canh-doi-dt-dat-202m2-pmh-quan-7-gia-58-5-ty-sh-pr41585132
159,Biệt thự Phu My Hung,Quận 7,240,4,4,85000000000,Sổ đỏ/ Sổ hồng,https://batdongsan.com.vn/ban-nha-biet-thu-lien-ke-phuong-tan-phong-9-prj-phu-my-hung/vi-tri-hiem-co-nhin-ra-cong-vien-xanh-thoang-mat-an-ninh-cao-cap-pr44105501
160,Căn hộ The Opera Residence,Quận 2,80,2,2,18590000000,Sổ đỏ,https://batdongsan.com.vn/ban-can-ho-chung-cu-duong-dai-lo-vong-cung-phuong-thu-thiem-prj-the-opera-residence/em-nhi-quan-ly-full-gio-hang-ban-1pn-12ty-2pn-19ty-3pn-29ty-4pn-75-ty-pr43247333
161,Căn hộ Richmond City,Quận Bình Thạnh,66,2,2,4200000000,Hợp đồng mua bán,https://batdongsan.com.vn/ban-can-ho-chung-cu-pho-nguyen-xi-phuong-26-prj-richmond-city/ban-gap-2pn-3-5t-ty-thuong-luong-lh-093-557-2883-manh-pr33148628
162,Căn hộ Richmond City,Quận Bình Thạnh,66,2,2,4550000000,Hợp đồng mua bán,https://batdongsan.com.vn/ban-can-ho-chung-cu-pho-nguyen-xi-phuong-26-prj-richmond-city/em-ban-ch-2pn-67m2-gia-ban-4-550-ty-bao-thue-phi-view-dong-nam-cuc-dep-lh-e-phi-pr44166462
163,Căn hộ The Galleria,Quận 2,102,3,2,20000000000,Sổ đỏ,https://batdongsan.com.vn/ban-can-ho-chung-cu-duong-dai-lo-vong-cung-phuong-an-khanh-prj-the-galleria-residence/tho-dia-metropole-top-3pn-ban-gia-tot-thang-10-2025-pr44158802
164,Căn hộ Sunwah Pearl,Quận Bình Thạnh,98,2,2,14000000000,Hợp đồng mua bán,https://batdongsan.com.vn/ban-can-ho-chung-cu-duong-nguyen-huu-canh-phuong-22-prj-sunwah-pearl/hai-yen-ban-2-pn-98m2-goc-dep-nhat-thap-b1-tang-cao-pr42708908
165,Căn hộ Vinhomes Central Park,Quận Bình Thạnh,54,1,1,7000000000,Sổ đỏ/ Sổ hồng,https://batdongsan.com.vn/ban-can-ho-chung-cu-duong-dien-bien-phu-phuong-22-prj-vinhomes-central-park/ban-1-png-ngu-view-landmark-81-tang-trung-pr43908490
166,Căn hộ Grand Marina,Quận 1,52,1,1,18000000000,Sổ hồng,https://batdongsan.com.vn/ban-can-ho-chung-cu-pho-ton-duc-thang-phuong-ben-nghe-prj-grand-marina-saigon/-sai-gon-special-edition-studio-khung-gia-18-ty-pr44080224
167,Căn hộ The River,Quận 2,202,4,3,50000000000,Sổ đỏ/ Sổ hồng,https://batdongsan.com.vn/ban-can-ho-chung-cu-duong-nguyen-co-thach-phuong-an-khanh-prj-the-river-thu-thiem/ban-4pn-view-song-truc-dien-noi-that-xin-gia-50-ti-all-in-pr44181458
168,Căn hộ Vinhomes Central Park,Quận Bình Thạnh,125,3,2,11800000000,Sổ hồng,https://batdongsan.com.vn/ban-can-ho-chung-cu-duong-dien-bien-phu-phuong-22-prj-vinhomes-central-park/gio-hang-moi-nhat-1-2-3-4-pn-gia-re-nhat-thi-truong-lh-em-binh-an-pr43272149
169,Căn hộ Grand Marina,Quận 1,63,1,1,27500000000,Sổ đỏ/ Sổ hồng,https://batdongsan.com.vn/ban-can-ho-chung-cu-pho-ton-duc-thang-phuong-ben-nghe-prj-grand-marina-saigon/doc-quyen-1pn-full-noi-that-toa-lake-gia-257-5-ty-pr43856893
170,Căn hộ Vinhomes Golden River,Quận 1,118,3,2,34000000000,Sổ đỏ/ Sổ hồng,https://batdongsan.com.vn/ban-can-ho-chung-cu-pho-ton-duc-thang-phuong-ben-nghe-prj-vinhomes-golden-river-ba-son/ban-nhanh-3pn-120m-view-truc-dien-song-gia-34ty-hop-dong-thue-45tr-chinh-chu-pr44498209
171,Biệt thự Phu My Hung,Quận 7,255,5,5,85000000000,Sổ đỏ/ Sổ hồng,https://batdongsan.com.vn/ban-nha-biet-thu-lien-ke-phuong-tan-phong-9-prj-phu-my-hung/can-ban-can-ngay-trung-tam-voi-nhieu-can-gia-tot-nhat-kem-noi-that-cao-cap-pr26254643
172,Căn hộ Boulevard,Quận 7,75,3,2,3150000000,Sổ đỏ,https://batdongsan.com.vn/ban-can-ho-chung-cu-duong-nguyen-luong-bang-1-phuong-phu-my-9-prj-q7-boulevard/ban-nhanh-ch-2-35-ty-2pn2wc-thien-chi-thuong-lh-pr40973921
173,Căn hộ Eco Green,Quận 7,95,3,2,8700000000,Sổ đỏ,https://batdongsan.com.vn/ban-can-ho-chung-cu-duong-nguyen-van-linh-phuong-tan-thuan-tay-1-prj-eco-green-sai-gon/ban-cc-8-ty-3pn-2wc-gia-cuc-chat-uy-tin-lh-pr44488045
174,Căn hộ Grand Marina,Quận 1,125,3,2,65000000000,Sổ đỏ/ Sổ hồng,http://batdongsan.com.vn/ban-can-ho-chung-cu-pho-ton-duc-thang-phuong-ben-nghe-prj-grand-marina-saigon/ban-cc-40-ty-vnd-88m2-2pn-2wc-phap-ly-day-du-lh-pr44110522
175,Căn hộ Vinhomes Golden River,Quận 1,118,3,2,33000000000,Sổ đỏ/ Sổ hồng,https://batdongsan.com.vn/ban-can-ho-chung-cu-pho-ton-duc-thang-phuong-ben-nghe-prj-vinhomes-golden-river-ba-son/chinh-chu-n-gap-vinmes-goc-3pn-view-truc-dien-g-sai-gon-pr44115657
176,Căn hộ Saigon Riverside,Quận 7,53,1,1,2920000000,Hợp đồng mua bán,https://batdongsan.com.vn/ban-can-ho-chung-cu-duong-dao-tri-phuong-phu-thuan-3-prj-q7-saigon-riverside/ban-nhanh-1pn-2-92-ty-lh-pr44166649